<?xml version="1.0" encoding="UTF-8" ?>
<Configuration monitoringInterval="3600" shutdownHook="disable">
    <Properties>
        <Property name="basedir">logs/adg-api-server</Property>
        <Property name="all-logger">all-logger</Property>
    </Properties>
    <Appenders>
        <Console name="to-console" target="SYSTEM_OUT">
            <PatternLayout pattern="%highlight{[%d{yyyy-MM-dd HH:mm:ss.SSS}] - [%p] - [%c:%L] - [Method = %M] - [%m]}%n"/>
        </Console>

        <RollingFile name="${all-logger}" fileName="${basedir}/${all-logger}.log" append="true" filePattern="${basedir}/$${date:yyyy-MM}/${all-logger}-%d{yyyy-MM-dd}-%i.log.gz">
            <PatternLayout pattern="%highlight{[%d{yyyy-MM-dd HH:mm:ss.SSS}] - [%p] - [%c:%L] - [Method = %M] - [%m]}%n"/>
            <Policies>
                <OnStartupTriggeringPolicy/>
                <SizeBasedTriggeringPolicy size="50 MB"/>
                <TimeBasedTriggeringPolicy/>
            </Policies>
            <DefaultRolloverStrategy max="30" compressionLevel="9">
                <Delete basePath="${basedir}" maxDepth="2">
                    <IfFileName glob="*/*.log.gz"/>
                    <IfLastModified age="7d"/>
                </Delete>
            </DefaultRolloverStrategy>
        </RollingFile>

    </Appenders>

    <Loggers>
        <AsyncRoot level="info">
            <AppenderRef ref="to-console"/>
            <AppenderRef ref="${all-logger}"/>
        </AsyncRoot>

        <AsyncLogger name="org.springframework" level="info" additivity="false" includeLocation="true">
            <AppenderRef ref="to-console"/>
            <AppenderRef ref="${all-logger}"/>
        </AsyncLogger>
        <AsyncLogger name="com.gitnavi" level="trace" additivity="false" includeLocation="true">
            <AppenderRef ref="to-console"/>
            <AppenderRef ref="${all-logger}"/>
        </AsyncLogger>
    </Loggers>

</Configuration>